{"CB": {"lr_r2_score": 0.1376438621244772, "svr_r2_score": -0.18768771037381438, "lr_coef": [[0.19771747658136693, 0.25800690902231516, 0.07328811159986007, 0.2301917658667723, 0.037996514613652915, 0.11016435896559733, 0.027775961910409094]], "lr_int": 0}, "DL": {"lr_r2_score": -0.06445725466083108, "svr_r2_score": -0.15427252268229297, "lr_coef": [[0.23208974664782595, 0.12025140105456458, 0.07636813581824045, 0.12009410418861309, 0.37112251404605867, -0.2825617440531383, -0.10033005261029608]], "lr_int": 0}, "Edge": {"lr_r2_score": 0.3084917084358668, "svr_r2_score": 0.2644434409023487, "lr_coef": [[0.16578762706196182, 0.3628700950591658, -0.055016718139763596, 0.056504779736293864, 0.041881196809060765, 0.14670788984456323, -0.012928431417911534]], "lr_int": 0}, "LB": {"lr_r2_score": -0.02564578119931915, "svr_r2_score": -0.19550480478646004, "lr_coef": [[0.01136484054581081, 0.25605193902573425, -0.06784305133023652, 0.22242950263985076, 0.1300159072131071, 0.008034773384639484, -0.1250234855365363]], "lr_int": 0}, "OL": {"lr_r2_score": 0.0606899676067274, "svr_r2_score": -0.10251570502292306, "lr_coef": [[0.17851061212738759, 0.157317989234971, 0.10730309121136664, 0.00876130154643067, 0.05004125390481056, -0.0045006167301961, 0.0744882208617169]], "lr_int": 0}, "RB": {"lr_r2_score": -0.11333047757739334, "svr_r2_score": -0.2494430805025052, "lr_coef": [[0.33078113145436544, 0.14868894887445117, -0.06649205189506181, 0.29916778407768274, 0.35101860698409765, 0.016951725851019984, -0.09116575726720433]], "lr_int": 0}, "S": {"lr_r2_score": -0.08742929864454863, "svr_r2_score": -0.14704167222620468, "lr_coef": [[0.17741591995615982, 0.2771188737683799, 0.2557692816057071, -0.1774916027915273, 0.135848740618266, 0.14440714524596818, -0.11143726320140876]], "lr_int": 0}, "TE": {"lr_r2_score": 0.021192400593903926, "svr_r2_score": -0.004548507202945862, "lr_coef": [[0.27316821259129437, 0.18710761231760148, 0.1327783445142728, 0.10945215220102696, 0.1305112339073213, -0.1374944683071501, 0.12780823766644017]], "lr_int": 0}, "WR": {"lr_r2_score": 0.033480342090905, "svr_r2_score": -0.028197972067577126, "lr_coef": [[0.08096637609151922, 0.16783555936964634, -0.07766310046707545, 0.21586538242567033, -0.01870375156323469, 0.0929555312904149, -0.10286968474452132]], "lr_int": 0}}