{"CB": {"lr_r2_score": 0.2443773560060657, "svr_r2_score": 0.3224947960585769, "lr_coef": [[0.43435156546023945]], "lr_int": 0}, "DL": {"lr_r2_score": 0.23710107757356258, "svr_r2_score": 0.27620625768316476, "lr_coef": [[0.5378226738581728]], "lr_int": 0}, "Edge": {"lr_r2_score": -0.009951526261386956, "svr_r2_score": -0.00991585851395782, "lr_coef": [[0.00029775996573916467]], "lr_int": 0}, "LB": {"lr_r2_score": 0.29502395633469325, "svr_r2_score": 0.36736953893533586, "lr_coef": [[0.5817640976133268]], "lr_int": 0}, "OL": {"lr_r2_score": -0.0051077648131006015, "svr_r2_score": -0.0051484978145022176, "lr_coef": [[0.0024201118017617208]], "lr_int": 0}, "RB": {"lr_r2_score": -0.01333318030898778, "svr_r2_score": -0.013332917846483161, "lr_coef": [[1.0434326686360872e-06]], "lr_int": 0}, "S": {"lr_r2_score": -0.021785160961164562, "svr_r2_score": -0.01196396068966843, "lr_coef": [[0.05677270355302753]], "lr_int": 0}, "TE": {"lr_r2_score": 0.1400767559878504, "svr_r2_score": 0.18461273315658433, "lr_coef": [[0.5807032628811335]], "lr_int": 0}, "WR": {"lr_r2_score": 0.2710425739107366, "svr_r2_score": 0.24704622309574864, "lr_coef": [[0.42176158513904655]], "lr_int": 0}}