{
  "CB": {
    "lr_r2_score": 0.09973482879644091,
    "svr_r2_score": 0.1346875828221683,
    "lr_coef": [
      [
        0.20521451451785258,
        0.03398734378576735,
        0.11059034176116356,
        -0.029936922826629398,
        0.07703365734322486,
        -0.18385246013275902,
        0.006534481517129204,
        0.4545566828051754
      ]
    ],
    "lr_int": 0
  },
  "DL": {
    "lr_r2_score": 0.23146682402273056,
    "svr_r2_score": 0.0276728604783677,
    "lr_coef": [
      [
        0.28549242626494925,
        0.0735896876527156,
        -0.12164857126995292,
        0.08941992177159247,
        0.27419441690456187,
        -0.05523510654817175,
        0.037280034007379705,
        0.4378072667730458
      ]
    ],
    "lr_int": 0
  },
  "Edge": {
    "lr_r2_score": -0.011843152401810997,
    "svr_r2_score": -0.01181611836184171,
    "lr_coef": [
      [
        0.00004860956988573827,
        -0.00003911385187679635,
        0.000056389457186154926,
        0.000051056022782127185,
        0.00004511701089347657,
        0.00006669173422306714,
        0.00007468333214945806,
        0.0003010357229777227
      ]
    ],
    "lr_int": 0
  },
  "LB": {
    "lr_r2_score": 0.1473162276886043,
    "svr_r2_score": 0.14381664555717655,
    "lr_coef": [
      [
        0.17549855013532667,
        0.1386990495542359,
        0.05446115256245453,
        -0.16030601707879782,
        0.13212272124661362,
        -0.10131519273401948,
        -0.02297693192040788,
        0.664705663096779
      ]
    ],
    "lr_int": 0
  },
  "OL": {
    "lr_r2_score": -0.0043247594415196655,
    "svr_r2_score": -0.004226473464643776,
    "lr_coef": [
      [
        0.00045450238505788095,
        0.0006334867911299542,
        -0.000017392983664402,
        -0.0005113506918117288,
        -0.0006621304693332188,
        0.0012984493041002304,
        -0.00013896954916334483,
        0.0023035725836469977
      ]
    ],
    "lr_int": 0
  },
  "RB": {
    "lr_r2_score": -0.01470552116401147,
    "svr_r2_score": -0.014705281833549355,
    "lr_coef": [
      [
        2.6247514200045026e-7,
        4.170783950711202e-8,
        4.4903083443579784e-8,
        -2.463328041519701e-7,
        4.025809081131685e-7,
        -2.2538730896436576e-7,
        1.9369931312004822e-7,
        0.0000011352479889201043
      ]
    ],
    "lr_int": 0
  },
  "S": {
    "lr_r2_score": -0.04370442765254112,
    "svr_r2_score": -0.018367883075723457,
    "lr_coef": [
      [
        0.052386428234292855,
        -0.018352204406070112,
        0.04912887843579775,
        -0.08702856525903531,
        -0.05263904066232679,
        0.06350922501264306,
        0.04075134733820191,
        0.08667382593970359
      ]
    ],
    "lr_int": 0
  },
  "TE": {
    "lr_r2_score": 0.17264435969668845,
    "svr_r2_score": 0.11156008137882234,
    "lr_coef": [
      [
        -0.07445935508727881,
        -0.014731283231201613,
        0.06962488712496226,
        -0.04907501961994335,
        0.035626929747337055,
        -0.058749157050233564,
        -0.15671907930178886,
        0.49292054859424195
      ]
    ],
    "lr_int": 0
  },
  "WR": {
    "lr_r2_score": 0.22737208728807867,
    "svr_r2_score": 0.19083134987947448,
    "lr_coef": [
      [
        0.09612993796906137,
        -0.07525037171789185,
        -0.05134892185810477,
        0.0274688915423697,
        -0.027265347983184626,
        0.00592398633705039,
        -0.1445292633745111,
        0.4978750370164283
      ]
    ],
    "lr_int": 0
  }
}